source_row,report_id,year_month,city,in_transport,injury,airbag
2,30270-9682,202412,SAN_FRANCISCO,1,0,0
3,30270-9609,202412,PHOENIX,1,0,0
4,30270-9604,202412,LOS_ANGELES,1,0,0
5,30270-9603,202412,LOS_ANGELES,1,0,0
6,30270-9602,202412,SAN_FRANCISCO,1,0,0
7,30270-9601,202412,SAN_FRANCISCO,1,0,0
8,30270-9600,202412,LOS_ANGELES,1,0,0
9,30270-9599,202412,PHOENIX,1,0,0
10,30270-9598,202412,PHOENIX,1,0,0
11,30270-9596,202412,PHOENIX,1,0,0
12,30270-9595,202412,SAN_FRANCISCO,1,0,0
13,30270-9594,202412,LOS_ANGELES,1,0,0
14,30270-9592,202412,SAN_FRANCISCO,1,0,0
15,30270-9591,202412,PHOENIX,1,0,0
16,30270-9590,202412,SAN_FRANCISCO,1,0,0
17,30270-9589,202412,LOS_ANGELES,1,0,0
18,30270-9588,202412,LOS_ANGELES,1,0,0
19,30270-9587,202412,SAN_FRANCISCO,1,0,0
20,30270-9586,202412,SAN_FRANCISCO,1,0,0
21,30270-9585,202412,AUSTIN,1,0,0
22,30270-9584,202412,LOS_ANGELES,1,0,0
23,30270-9583,202412,SAN_FRANCISCO,1,1,0
24,30270-9582,202412,SAN_FRANCISCO,1,0,0
25,30270-9580,202412,SAN_FRANCISCO,1,0,0
26,30270-9579,202412,SAN_FRANCISCO,1,0,0
27,30270-9575,202412,SAN_FRANCISCO,1,0,0
28,30270-9574,202412,LOS_ANGELES,0,0,0
29,30270-9573,202412,AUSTIN,0,0,0
30,30270-9572,202412,SAN_FRANCISCO,1,0,0
31,30270-9571,202412,PHOENIX,0,0,0
32,30270-9570,202412,SAN_FRANCISCO,0,0,0
33,30270-9569,202412,PHOENIX,1,0,0
34,30270-9568,202412,SAN_FRANCISCO,1,0,0
35,30270-9567,202412,PHOENIX,0,0,0
36,30270-9566,202412,SAN_FRANCISCO,1,0,0
37,30270-9564,202412,SAN_FRANCISCO,1,0,0
38,30270-9563,202412,LOS_ANGELES,1,0,0
39,30270-9561,202412,LOS_ANGELES,1,0,0
40,30270-9560,202412,LOS_ANGELES,1,0,0
41,30270-9559,202412,PHOENIX,1,0,0
42,30270-9557,202412,LOS_ANGELES,1,0,0
43,30270-9556,202412,LOS_ANGELES,1,0,0
44,30270-9555,202412,PHOENIX,0,0,0
45,30270-9554,202412,PHOENIX,0,0,0
46,30270-9553,202412,SAN_FRANCISCO,1,0,0
47,30270-9546,202412,SAN_FRANCISCO,1,0,0
48,30270-9545,202412,SAN_FRANCISCO,1,0,0
49,30270-9544,202412,PHOENIX,1,0,0
50,30270-9541,202412,PHOENIX,1,1,0
51,30270-9540,202412,SAN_FRANCISCO,1,0,0
52,30270-9540,202412,LOS_ANGELES,1,0,0
53,30270-9539,202412,SAN_FRANCISCO,1,0,0
54,30270-9534,202412,SAN_FRANCISCO,1,0,0
55,30270-9517,202412,LOS_ANGELES,1,0,0
56,30270-9508,202412,PHOENIX,1,0,1
57,30270-9507,202412,SAN_FRANCISCO,1,0,0
58,30270-9486,202412,SAN_FRANCISCO,1,0,0
59,30270-9459,202412,SAN_FRANCISCO,1,1,0
60,30270-9391,202412,SAN_FRANCISCO,1,0,0
61,30270-9389,202412,SAN_FRANCISCO,1,0,0
62,30270-9388,202412,SAN_FRANCISCO,1,0,0
63,30270-9334,202412,SAN_FRANCISCO,1,0,0
64,30270-9333,202412,SAN_FRANCISCO,1,0,0
65,30270-9330,202412,LOS_ANGELES,1,0,0
66,30270-9329,202412,PHOENIX,1,0,0
67,30270-9326,202412,SAN_FRANCISCO,1,0,0
68,30270-9312,202412,SAN_FRANCISCO,1,0,0
69,30270-9295,202412,SAN_FRANCISCO,1,0,0
70,30270-9286,202412,PHOENIX,1,0,0
71,30270-9285,202412,SAN_FRANCISCO,1,0,0
72,30270-10004,202412,SAN_FRANCISCO,0,0,0
73,30270-9684,202411,PHOENIX,1,0,0
74,30270-9442,202411,PHOENIX,1,0,0
75,30270-9437,202411,SAN_FRANCISCO,1,0,0
76,30270-9436,202411,LOS_ANGELES,1,0,0
77,30270-9435,202411,LOS_ANGELES,0,0,0
78,30270-9434,202411,LOS_ANGELES,1,0,0
79,30270-9433,202411,SAN_FRANCISCO,1,0,0
80,30270-9431,202411,LOS_ANGELES,1,0,0
81,30270-9430,202411,PHOENIX,1,0,0
82,30270-9429,202411,SAN_FRANCISCO,0,0,0
83,30270-9427,202411,LOS_ANGELES,1,0,0
84,30270-9426,202411,SAN_FRANCISCO,1,0,0
85,30270-9420,202411,SAN_FRANCISCO,1,0,0
86,30270-9419,202411,SAN_FRANCISCO,1,0,0
87,30270-9418,202411,SAN_FRANCISCO,1,0,0
88,30270-9417,202411,PHOENIX,1,0,0
89,30270-9414,202411,SAN_FRANCISCO,0,0,0
90,30270-9413,202411,SAN_FRANCISCO,1,0,0
91,30270-9412,202411,SAN_FRANCISCO,1,0,0
92,30270-9411,202411,PHOENIX,1,1,0
93,30270-9410,202411,PHOENIX,1,0,0
94,30270-9409,202411,PHOENIX,1,0,0
95,30270-9408,202411,SAN_FRANCISCO,1,0,0
96,30270-9407,202411,SAN_FRANCISCO,1,0,1
97,30270-9406,202411,LOS_ANGELES,1,0,0
98,30270-9405,202411,LOS_ANGELES,1,0,0
99,30270-9404,202411,LOS_ANGELES,1,0,0
100,30270-9403,202411,SAN_FRANCISCO,1,0,0
101,30270-9402,202411,SAN_FRANCISCO,1,0,0
102,30270-9401,202411,SAN_FRANCISCO,1,0,0
103,30270-9400,202411,PHOENIX,1,0,0
104,30270-9376,202411,SAN_FRANCISCO,0,0,0
105,30270-9374,202411,SAN_FRANCISCO,1,0,0
106,30270-9373,202411,SAN_FRANCISCO,1,0,0
107,30270-9372,202411,PHOENIX,1,0,0
108,30270-9371,202411,LOS_ANGELES,1,0,0
109,30270-9363,202411,LOS_ANGELES,1,0,0
110,30270-9355,202411,PHOENIX,1,0,0
111,30270-9350,202411,SAN_FRANCISCO,0,0,0
112,30270-9347,202411,LOS_ANGELES,1,0,0
113,30270-9343,202411,SAN_FRANCISCO,1,0,0
114,30270-9341,202411,SAN_FRANCISCO,1,0,0
115,30270-9276,202411,LOS_ANGELES,1,1,0
116,30270-9269,202411,SAN_FRANCISCO,1,0,0
117,30270-9260,202411,PHOENIX,1,0,0
118,30270-9259,202411,LOS_ANGELES,1,1,0
119,30270-9234,202411,LOS_ANGELES,1,1,0
120,30270-9231,202411,AUSTIN,1,0,0
121,30270-9230,202411,SAN_FRANCISCO,1,0,0
122,30270-9229,202411,SAN_FRANCISCO,1,0,0
123,30270-9214,202411,SAN_FRANCISCO,0,0,0
124,30270-9212,202411,AUSTIN,0,0,0
125,30270-9203,202411,PHOENIX,1,0,0
126,30270-9194,202411,PHOENIX,1,0,0
127,30270-9191,202411,PHOENIX,1,0,0
128,30270-9170,202411,SAN_FRANCISCO,1,0,0
129,30270-9167,202411,SAN_FRANCISCO,1,0,0
130,30270-9156,202411,SAN_FRANCISCO,1,0,1
131,30270-9082,202411,PHOENIX,1,0,0
132,30270-9081,202411,PHOENIX,1,1,0
133,30270-9061,202411,SAN_FRANCISCO,1,0,0
134,30270-9060,202411,LOS_ANGELES,1,0,1
135,30270-9059,202411,LOS_ANGELES,1,0,0
136,30270-9039,202411,SAN_FRANCISCO,1,0,0
137,30270-9015,202411,LOS_ANGELES,1,1,0
138,30270-9190,202410,PHOENIX,0,0,0
139,30270-9189,202410,SAN_FRANCISCO,0,0,0
140,30270-9188,202410,SAN_FRANCISCO,1,0,0
141,30270-9187,202410,SAN_FRANCISCO,1,0,0
142,30270-9186,202410,SAN_FRANCISCO,1,0,0
143,30270-9185,202410,AUSTIN,1,0,0
144,30270-9184,202410,LOS_ANGELES,1,0,0
145,30270-9183,202410,SAN_FRANCISCO,1,0,0
146,30270-9182,202410,PHOENIX,1,0,0
147,30270-9181,202410,PHOENIX,1,0,0
148,30270-9180,202410,AUSTIN,1,0,0
149,30270-9179,202410,SAN_FRANCISCO,1,0,0
150,30270-9178,202410,LOS_ANGELES,0,0,0
151,30270-9177,202410,SAN_FRANCISCO,1,0,0
152,30270-9176,202410,SAN_FRANCISCO,1,0,0
153,30270-9175,202410,SAN_FRANCISCO,1,0,0
154,30270-9173,202410,LOS_ANGELES,1,0,0
155,30270-9172,202410,SAN_FRANCISCO,1,0,0
156,30270-9171,202410,SAN_FRANCISCO,1,0,0
157,30270-9141,202410,PHOENIX,1,0,0
158,30270-9140,202410,SAN_FRANCISCO,1,0,0
159,30270-9127,202410,SAN_FRANCISCO,1,0,0
160,30270-9126,202410,LOS_ANGELES,1,0,0
161,30270-9125,202410,SAN_FRANCISCO,1,0,0
162,30270-9123,202410,PHOENIX,1,0,0
163,30270-9116,202410,PHOENIX,1,0,0
164,30270-9115,202410,PHOENIX,1,0,0
165,30270-9112,202410,SAN_FRANCISCO,1,0,0
166,30270-9111,202410,PHOENIX,1,0,0
167,30270-9110,202410,SAN_FRANCISCO,1,0,0
168,30270-9107,202410,PHOENIX,1,0,0
169,30270-9103,202410,AUSTIN,1,0,0
170,30270-9100,202410,SAN_FRANCISCO,0,0,0
171,30270-9099,202410,SAN_FRANCISCO,0,0,0
172,30270-9098,202410,SAN_FRANCISCO,1,0,0
173,30270-9097,202410,SAN_FRANCISCO,1,0,0
174,30270-9014,202410,SAN_FRANCISCO,1,1,0
175,30270-9013,202410,LOS_ANGELES,1,0,0
176,30270-9004,202410,SAN_FRANCISCO,1,0,0
177,30270-8982,202410,SAN_FRANCISCO,1,0,0
178,30270-8979,202410,SAN_FRANCISCO,1,0,0
179,30270-8968,202410,SAN_FRANCISCO,1,1,0
180,30270-8966,202410,SAN_FRANCISCO,1,0,0
181,30270-8947,202410,LOS_ANGELES,1,0,0
182,30270-8943,202410,SAN_FRANCISCO,1,0,0
183,30270-8941,202410,PHOENIX,1,0,0
184,30270-8940,202410,SAN_FRANCISCO,1,0,0
185,30270-8933,202410,SAN_FRANCISCO,1,0,0
186,30270-8929,202410,PHOENIX,1,0,0
187,30270-8927,202410,SAN_FRANCISCO,1,0,0
188,30270-8919,202410,PHOENIX,1,0,0
189,30270-8915,202410,PHOENIX,0,0,0
190,30270-8908,202410,SAN_FRANCISCO,1,0,0
191,30270-8794,202410,AUSTIN,1,0,1
192,30270-8781,202410,SAN_FRANCISCO,1,0,0
193,30270-8769,202410,SAN_FRANCISCO,1,0,0
194,30270-8892,202409,SAN_FRANCISCO,1,0,0
195,30270-8891,202409,SAN_FRANCISCO,1,0,0
196,30270-8890,202409,PHOENIX,1,0,0
197,30270-8888,202409,SAN_FRANCISCO,1,0,0
198,30270-8887,202409,PHOENIX,0,0,0
199,30270-8886,202409,LOS_ANGELES,1,0,0
200,30270-8885,202409,SAN_FRANCISCO,1,0,0
201,30270-8884,202409,SAN_FRANCISCO,1,0,0
202,30270-8883,202409,AUSTIN,1,0,0
203,30270-8882,202409,SAN_FRANCISCO,1,0,0
204,30270-8881,202409,PHOENIX,1,0,0
205,30270-8878,202409,SAN_FRANCISCO,1,0,0
206,30270-8877,202409,SAN_FRANCISCO,1,0,0
207,30270-8876,202409,SAN_FRANCISCO,1,0,0
208,30270-8875,202409,SAN_FRANCISCO,1,0,0
209,30270-8873,202409,SAN_FRANCISCO,1,0,0
210,30270-8871,202409,SAN_FRANCISCO,1,0,0
211,30270-8870,202409,SAN_FRANCISCO,1,0,0
212,30270-8869,202409,SAN_FRANCISCO,1,0,0
213,30270-8868,202409,SAN_FRANCISCO,1,0,0
214,30270-8859,202409,PHOENIX,1,0,0
215,30270-8858,202409,PHOENIX,1,0,0
216,30270-8857,202409,LOS_ANGELES,1,0,0
217,30270-8856,202409,LOS_ANGELES,1,0,0
218,30270-8851,202409,SAN_FRANCISCO,1,0,0
219,30270-8849,202409,PHOENIX,1,0,0
220,30270-8844,202409,SAN_FRANCISCO,1,0,0
221,30270-8842,202409,SAN_FRANCISCO,1,0,0
222,30270-8835,202409,PHOENIX,1,0,0
223,30270-8833,202409,PHOENIX,1,0,0
224,30270-8832,202409,AUSTIN,1,0,0
225,30270-8828,202409,SAN_FRANCISCO,1,0,0
226,30270-8827,202409,SAN_FRANCISCO,1,0,0
227,30270-8826,202409,PHOENIX,1,0,0
228,30270-8822,202409,SAN_FRANCISCO,1,1,0
229,30270-8809,202409,PHOENIX,1,0,0
230,30270-8750,202409,PHOENIX,1,0,1
231,30270-8687,202409,SAN_FRANCISCO,1,0,0
232,30270-8685,202409,SAN_FRANCISCO,0,0,0
233,30270-8673,202409,PHOENIX,1,0,0
234,30270-8661,202409,PHOENIX,1,0,0
235,30270-8639,202409,SAN_FRANCISCO,1,0,0
236,30270-8631,202409,PHOENIX,1,0,0
237,30270-8581,202409,SAN_FRANCISCO,1,0,0
238,30270-8541,202409,SAN_FRANCISCO,1,0,0
239,30270-8526,202409,LOS_ANGELES,1,0,0
240,30270-8514,202409,SAN_FRANCISCO,1,0,0
241,30270-8513,202409,SAN_FRANCISCO,1,0,0
242,30270-8512,202409,LOS_ANGELES,1,0,0
243,30270-8633,202408,SAN_FRANCISCO,1,0,0
244,30270-8632,202408,SAN_FRANCISCO,1,0,0
245,30270-8630,202408,LOS_ANGELES,1,0,0
246,30270-8629,202408,SAN_FRANCISCO,1,0,0
247,30270-8627,202408,PHOENIX,1,0,0
248,30270-8625,202408,SAN_FRANCISCO,1,0,0
249,30270-8624,202408,LOS_ANGELES,1,0,0
250,30270-8623,202408,SAN_FRANCISCO,1,0,0
251,30270-8622,202408,LOS_ANGELES,1,0,0
252,30270-8621,202408,SAN_FRANCISCO,1,0,0
253,30270-8620,202408,PHOENIX,1,0,0
254,30270-8619,202408,PHOENIX,1,0,0
255,30270-8618,202408,SAN_FRANCISCO,1,0,0
256,30270-8617,202408,PHOENIX,1,0,0
257,30270-8616,202408,SAN_FRANCISCO,1,0,0
258,30270-8615,202408,SAN_FRANCISCO,1,0,0
259,30270-8614,202408,PHOENIX,1,0,0
260,30270-8612,202408,PHOENIX,1,0,0
261,30270-8610,202408,SAN_FRANCISCO,1,0,0
262,30270-8608,202408,PHOENIX,1,0,0
263,30270-8607,202408,SAN_FRANCISCO,0,0,0
264,30270-8606,202408,PHOENIX,1,0,0
265,30270-8605,202408,SAN_FRANCISCO,1,0,0
266,30270-8603,202408,LOS_ANGELES,1,0,0
267,30270-8602,202408,PHOENIX,1,0,0
268,30270-8601,202408,SAN_FRANCISCO,0,0,0
269,30270-8600,202408,SAN_FRANCISCO,1,0,0
270,30270-8599,202408,LOS_ANGELES,1,0,0
271,30270-8483,202408,PHOENIX,1,0,0
272,30270-8471,202408,SAN_FRANCISCO,1,0,0
273,30270-8469,202408,SAN_FRANCISCO,1,0,0
274,30270-8444,202408,SAN_FRANCISCO,1,1,0
275,30270-8417,202408,SAN_FRANCISCO,1,0,1
276,30270-8357,202408,PHOENIX,1,0,0
277,30270-8356,202408,SAN_FRANCISCO,1,0,0
278,30270-8344,202408,PHOENIX,1,0,0
279,30270-8317,202408,PHOENIX,1,0,0
280,30270-8316,202408,SAN_FRANCISCO,1,0,0
281,30270-8406,202407,SAN_FRANCISCO,0,0,0
282,30270-8405,202407,PHOENIX,1,0,0
283,30270-8404,202407,SAN_FRANCISCO,1,0,0
284,30270-8402,202407,SAN_FRANCISCO,1,0,0
285,30270-8401,202407,SAN_FRANCISCO,1,0,0
286,30270-8398,202407,PHOENIX,1,0,0
287,30270-8397,202407,PHOENIX,1,0,0
288,30270-8394,202407,LOS_ANGELES,1,0,0
289,30270-8393,202407,SAN_FRANCISCO,1,0,0
290,30270-8392,202407,SAN_FRANCISCO,1,0,0
291,30270-8390,202407,SAN_FRANCISCO,0,0,0
292,30270-8389,202407,SAN_FRANCISCO,1,0,0
293,30270-8388,202407,SAN_FRANCISCO,1,0,0
294,30270-8387,202407,SAN_FRANCISCO,0,0,0
295,30270-8386,202407,SAN_FRANCISCO,1,0,0
296,30270-8385,202407,SAN_FRANCISCO,1,0,0
297,30270-8384,202407,LOS_ANGELES,1,0,0
298,30270-8383,202407,PHOENIX,1,0,0
299,30270-8378,202407,PHOENIX,1,1,0
300,30270-8278,202407,SAN_FRANCISCO,1,0,0
301,30270-8273,202407,SAN_FRANCISCO,1,0,0
302,30270-8266,202407,SAN_FRANCISCO,1,0,0
303,30270-8243,202407,PHOENIX,1,1,1
304,30270-8217,202407,PHOENIX,1,1,1
305,30270-8200,202407,SAN_FRANCISCO,1,0,0
306,30270-8199,202407,PHOENIX,1,1,0
307,30270-8182,202407,SAN_FRANCISCO,1,0,0
308,30270-8180,202407,PHOENIX,1,0,0
309,30270-8152,202407,SAN_FRANCISCO,1,0,0
310,30270-8088,202407,SAN_FRANCISCO,1,0,0
311,30270-8061,202407,SAN_FRANCISCO,1,0,1
312,30270-8021,202407,SAN_FRANCISCO,1,0,0
313,30270-8634,202406,PHOENIX,1,0,0
314,30270-8158,202406,LOS_ANGELES,1,1,0
315,30270-8157,202406,PHOENIX,1,0,0
316,30270-8156,202406,LOS_ANGELES,1,0,0
317,30270-8151,202406,SAN_FRANCISCO,1,0,0
318,30270-8150,202406,SAN_FRANCISCO,0,0,0
319,30270-8146,202406,PHOENIX,1,0,0
320,30270-8145,202406,SAN_FRANCISCO,1,0,0
321,30270-8144,202406,LOS_ANGELES,1,0,0
322,30270-8141,202406,SAN_FRANCISCO,1,0,0
323,30270-8139,202406,SAN_FRANCISCO,1,0,0
324,30270-8137,202406,PHOENIX,1,0,0
325,30270-8134,202406,SAN_FRANCISCO,1,0,0
326,30270-8131,202406,SAN_FRANCISCO,1,0,0
327,30270-8130,202406,SAN_FRANCISCO,1,0,0
328,30270-8128,202406,PHOENIX,1,0,0
329,30270-8127,202406,SAN_FRANCISCO,0,0,0
330,30270-8124,202406,PHOENIX,1,0,0
331,30270-8121,202406,LOS_ANGELES,1,0,0
332,30270-8120,202406,PHOENIX,1,0,0
333,30270-8027,202406,PHOENIX,1,0,1
334,30270-8020,202406,PHOENIX,1,0,0
335,30270-7998,202406,SAN_FRANCISCO,1,0,0
336,30270-7969,202406,PHOENIX,1,0,0
337,30270-7959,202406,SAN_FRANCISCO,1,1,0
338,30270-7883,202406,PHOENIX,1,0,0
339,30270-7882,202406,SAN_FRANCISCO,1,0,0
340,30270-7855,202406,SAN_FRANCISCO,1,0,0
341,30270-7842,202406,PHOENIX,1,0,0
342,30270-7839,202406,SAN_FRANCISCO,1,0,0
343,30270-7953,202405,LOS_ANGELES,1,0,0
344,30270-7952,202405,PHOENIX,1,0,0
345,30270-7950,202405,SAN_FRANCISCO,1,0,0
346,30270-7949,202405,LOS_ANGELES,1,0,0
347,30270-7947,202405,PHOENIX,1,0,0
348,30270-7946,202405,PHOENIX,1,0,0
349,30270-7945,202405,PHOENIX,1,1,0
350,30270-7944,202405,PHOENIX,1,0,0
351,30270-7943,202405,PHOENIX,1,0,0
352,30270-7942,202405,SAN_FRANCISCO,1,0,0
353,30270-7941,202405,PHOENIX,1,0,0
354,30270-7940,202405,LOS_ANGELES,1,0,0
355,30270-7939,202405,SAN_FRANCISCO,1,0,0
356,30270-7938,202405,SAN_FRANCISCO,0,0,0
357,30270-7936,202405,PHOENIX,1,0,0
358,30270-7935,202405,SAN_FRANCISCO,1,0,0
359,30270-7934,202405,SAN_FRANCISCO,1,0,0
360,30270-7877,202405,PHOENIX,1,0,0
361,30270-7813,202405,SAN_FRANCISCO,1,1,0
362,30270-7795,202405,SAN_FRANCISCO,1,0,0
363,30270-7794,202405,PHOENIX,1,0,0
364,30270-7793,202405,SAN_FRANCISCO,1,0,1
365,30270-7734,202405,PHOENIX,1,1,0
366,30270-7733,202405,PHOENIX,1,1,0
367,30270-7730,202405,PHOENIX,1,0,0
368,30270-7718,202405,SAN_FRANCISCO,1,0,0
369,30270-7647,202405,SAN_FRANCISCO,1,0,0
370,30270-7639,202405,SAN_FRANCISCO,1,0,0
371,30270-7637,202405,PHOENIX,1,1,0
372,30270-7631,202405,SAN_FRANCISCO,1,0,0
373,30270-9192,202404,PHOENIX,1,0,0
374,30270-7729,202404,LOS_ANGELES,1,0,0
375,30270-7728,202404,SAN_FRANCISCO,1,0,0
376,30270-7727,202404,SAN_FRANCISCO,1,0,0
377,30270-7726,202404,SAN_FRANCISCO,1,0,0
378,30270-7724,202404,SAN_FRANCISCO,1,0,0
379,30270-7722,202404,SAN_FRANCISCO,1,1,0
380,30270-7721,202404,PHOENIX,1,0,0
381,30270-7720,202404,PHOENIX,1,0,0
382,30270-7719,202404,SAN_FRANCISCO,1,0,0
383,30270-7573,202404,SAN_FRANCISCO,1,0,0
384,30270-7425,202404,SAN_FRANCISCO,1,0,0
385,30270-7543,202403,SAN_FRANCISCO,0,0,0
386,30270-7542,202403,LOS_ANGELES,1,0,0
387,30270-7540,202403,LOS_ANGELES,1,0,0
388,30270-7538,202403,SAN_FRANCISCO,1,0,0
389,30270-7536,202403,SAN_FRANCISCO,1,0,0
390,30270-7533,202403,PHOENIX,1,0,0
391,30270-7532,202403,PHOENIX,1,0,0
392,30270-7531,202403,PHOENIX,1,1,0
393,30270-7530,202403,PHOENIX,1,0,0
394,30270-7529,202403,SAN_FRANCISCO,1,0,0
395,30270-7528,202403,PHOENIX,1,0,0
396,30270-7527,202403,PHOENIX,1,0,0
397,30270-7525,202403,SAN_FRANCISCO,1,0,0
398,30270-7522,202403,PHOENIX,1,0,0
399,30270-7515,202403,PHOENIX,1,0,0
400,30270-7424,202403,PHOENIX,1,0,0
401,30270-7423,202403,SAN_FRANCISCO,1,0,0
402,30270-7421,202403,PHOENIX,1,1,1
403,30270-7380,202403,SAN_FRANCISCO,1,1,0
404,30270-7306,202403,SAN_FRANCISCO,1,0,0
405,30270-9169,202402,PHOENIX,1,0,0
406,30270-7318,202402,PHOENIX,1,0,0
407,30270-7316,202402,PHOENIX,1,1,0
408,30270-7315,202402,SAN_FRANCISCO,1,0,0
409,30270-7313,202402,PHOENIX,1,0,0
410,30270-7312,202402,PHOENIX,1,0,0
411,30270-7311,202402,PHOENIX,1,0,0
412,30270-7309,202402,PHOENIX,1,0,0
413,30270-7308,202402,LOS_ANGELES,1,0,0
414,30270-7257,202402,PHOENIX,1,1,0
415,30270-7190,202402,SAN_FRANCISCO,1,0,0
416,30270-7075,202402,SAN_FRANCISCO,1,1,0
417,30270-7162,202401,SAN_FRANCISCO,1,0,0
418,30270-7161,202401,SAN_FRANCISCO,1,0,0
419,30270-7160,202401,PHOENIX,0,0,0
420,30270-7159,202401,PHOENIX,1,0,0
421,30270-7158,202401,PHOENIX,1,0,0
422,30270-7157,202401,LOS_ANGELES,1,1,0
423,30270-7156,202401,PHOENIX,1,0,0
424,30270-7071,202401,SAN_FRANCISCO,1,0,0
425,30270-7058,202401,PHOENIX,1,0,0
426,30270-7054,202401,PHOENIX,1,0,0
427,30270-7048,202401,PHOENIX,1,0,0
428,30270-7021,202401,SAN_FRANCISCO,1,0,0
429,30270-6981,202401,SAN_FRANCISCO,0,0,0
430,30270-6932,202401,PHOENIX,1,0,0
431,30270-7020,202312,PHOENIX,1,0,0
432,30270-7019,202312,SAN_FRANCISCO,1,0,0
433,30270-7018,202312,PHOENIX,0,0,0
434,30270-7017,202312,PHOENIX,1,0,0
435,30270-7015,202312,SAN_FRANCISCO,1,0,0
436,30270-7014,202312,SAN_FRANCISCO,1,0,0
437,30270-7013,202312,PHOENIX,1,0,0
438,30270-7012,202312,PHOENIX,1,0,0
439,30270-7007,202312,SAN_FRANCISCO,1,0,0
440,30270-7006,202312,SAN_FRANCISCO,1,0,0
441,30270-6907,202312,PHOENIX,1,0,0
442,30270-6906,202312,PHOENIX,1,1,0
443,30270-6901,202312,PHOENIX,1,0,0
444,30270-6883,202312,PHOENIX,1,1,0
445,30270-6879,202312,SAN_FRANCISCO,1,1,0
446,30270-6878,202312,PHOENIX,1,0,0
447,30270-6855,202311,SAN_FRANCISCO,1,0,0
448,30270-6854,202311,PHOENIX,1,0,0
449,30270-6838,202311,PHOENIX,1,0,0
450,30270-6765,202311,PHOENIX,1,0,0
451,30270-6579,202311,SAN_FRANCISCO,1,1,0
452,30270-6668,202310,PHOENIX,1,0,0
453,30270-6667,202310,SAN_FRANCISCO,1,0,0
454,30270-6666,202310,SAN_FRANCISCO,1,0,0
455,30270-6664,202310,PHOENIX,1,0,0
456,30270-6663,202310,SAN_FRANCISCO,1,0,0
457,30270-6662,202310,SAN_FRANCISCO,1,0,0
458,30270-6661,202310,SAN_FRANCISCO,1,0,0
459,30270-6566,202310,PHOENIX,1,1,0
460,30270-6561,202310,PHOENIX,1,0,0
461,30270-6548,202310,PHOENIX,1,0,0
462,30270-6542,202310,PHOENIX,0,0,0
463,30270-6385,202310,SAN_FRANCISCO,1,0,0
464,30270-6521,202309,PHOENIX,1,0,0
465,30270-6520,202309,PHOENIX,1,0,0
466,30270-6519,202309,PHOENIX,1,0,0
467,30270-6518,202309,SAN_FRANCISCO,0,0,0
468,30270-6517,202309,SAN_FRANCISCO,1,0,0
469,30270-6516,202309,PHOENIX,1,0,0
470,30270-6515,202309,SAN_FRANCISCO,1,0,0
471,30270-6514,202309,SAN_FRANCISCO,1,0,0
472,30270-6405,202309,SAN_FRANCISCO,1,0,0
473,30270-6368,202309,PHOENIX,1,0,0
474,30270-6352,202309,SAN_FRANCISCO,1,0,0
475,30270-6347,202308,LOS_ANGELES,1,0,0
476,30270-6346,202308,SAN_FRANCISCO,1,0,0
477,30270-6342,202308,SAN_FRANCISCO,1,0,0
478,30270-6341,202308,SAN_FRANCISCO,0,0,0
479,30270-6338,202308,PHOENIX,1,0,0
480,30270-6337,202308,PHOENIX,0,0,0
481,30270-6336,202308,SAN_FRANCISCO,1,1,0
482,30270-6335,202308,PHOENIX,0,0,0
483,30270-6198,202308,PHOENIX,1,0,0
484,30270-6150,202308,PHOENIX,1,0,0
485,30270-6149,202308,PHOENIX,1,1,1
486,30270-6133,202307,SAN_FRANCISCO,1,0,0
487,30270-6132,202307,SAN_FRANCISCO,1,0,0
488,30270-6131,202307,PHOENIX,0,0,0
489,30270-5997,202307,PHOENIX,1,1,0
490,30270-5896,202307,PHOENIX,1,0,0
491,30270-5961,202306,SAN_FRANCISCO,1,0,0
492,30270-5960,202306,SAN_FRANCISCO,0,0,0
493,30270-5959,202306,SAN_FRANCISCO,1,0,0
494,30270-5958,202306,SAN_FRANCISCO,0,0,0
495,30270-5957,202306,SAN_FRANCISCO,1,0,0
496,30270-5760,202305,PHOENIX,1,0,0
497,30270-5758,202305,SAN_FRANCISCO,1,0,0
498,30270-5756,202305,PHOENIX,1,0,0
499,30270-5612,202305,PHOENIX,1,0,0
500,30270-5611,202305,PHOENIX,1,0,0
501,30270-5456,202305,SAN_FRANCISCO,1,0,0
502,30270-5593,202304,SAN_FRANCISCO,0,0,0
503,30270-5592,202304,SAN_FRANCISCO,1,0,0
504,30270-5591,202304,PHOENIX,1,0,0
505,30270-5588,202304,PHOENIX,1,0,0
506,30270-5208,202304,SAN_FRANCISCO,1,0,0
507,30270-5319,202303,PHOENIX,1,0,0
508,30270-5318,202303,SAN_FRANCISCO,1,0,0
509,30270-5114,202303,SAN_FRANCISCO,1,0,0
510,30270-5085,202302,SAN_FRANCISCO,1,0,0
511,30270-5083,202302,SAN_FRANCISCO,1,0,0
512,30270-5081,202302,SAN_FRANCISCO,1,0,0
513,30270-4882,202301,PHOENIX,1,0,0
514,30270-4880,202301,PHOENIX,1,0,0
515,30270-4768,202301,PHOENIX,1,1,0
516,30270-4363,202212,PHOENIX,1,0,0
517,30270-4484,202211,PHOENIX,1,0,0
518,30270-3842,202208,SAN_FRANCISCO,1,0,0
519,30270-3838,202208,PHOENIX,1,0,0
520,30270-1730,202110,PHOENIX,0,0,0
521,30270-1583,202110,PHOENIX,1,0,0
522,30270-1501,202109,PHOENIX,1,0,0
523,,202105,PHOENIX,1,0,0
524,,202009,PHOENIX,1,0,1
